{
  "pois": [
    [
      23.402765,
      80.316010
    ],
    [
      23.412765,
      80.316010
    ],
    [
      23.422765,
      80.396010
    ]
  ],
  "denseActivities": {
    "denseActivity": [
      {
        "latLng": [
          23.452765,
          80.316010
        ],
        "density": 5
      },
      {
        "latLng": [
          23.452765,
          80.366010
        ],
        "density": 2
      },
      {
        "latLng": [
          23.412765,
          80.336010
        ],
        "density": 7
      }
    ]
  }
}